"method"	"scenario"	"trial"	"corP"	"wEnv.corP"	"nb.genos"	"nb.envs"
"GBLUP"	"CV00"	"AWY1_DVPWA_2024"	-0.964	-0.0386405835546898	27	3
"GBLUP"	"CV00"	"TCAP_2025_MANKS"	0.1	0.2600399256916	219	10
"GBLUP"	"CV00"	"25_Big6_SVREC_SVREC"	0.079	0.0199899584324093	3269	33
"GBLUP"	"CV00"	"OHRWW_2025_SPO"	-0.795	-0.166778314461274	109	3
"GBLUP"	"CV00"	"CornellMaster_2025_McGowan"	-0.015	-0.0150180085017616	4	1
"GBLUP"	"CV00"	"24Crk_AY2-3"	-0.408	0.101569190012156	266	19
"GBLUP"	"CV00"	"2025_AYT_Aurora"	-0.197	0.229964008084416	117	6
"GBLUP"	"CV00"	"YT_Urb_25"	0.095	0.093625983523983	3057	30
"GBLUP"	"CV00"	"STP1_2025_MCG"	-0.307	0.0277554613047343	171	49
