"method"	"scenario"	"trial"	"corP"	"wEnv.corP"	"nb.genos"	"nb.envs"
"RKHS"	"CV00"	"AWY1_DVPWA_2024"	0.853	0.0306591762687443	27	3
"RKHS"	"CV00"	"TCAP_2025_MANKS"	0.302	0.0310428451117493	516	19
"RKHS"	"CV00"	"25_Big6_SVREC_SVREC"	0.027	0.0200688463605355	3503	35
"RKHS"	"CV00"	"OHRWW_2025_SPO"	-0.07	0.481381945387629	109	3
"RKHS"	"CV00"	"CornellMaster_2025_McGowan"	-0.093	-0.0927104675597229	4	1
"RKHS"	"CV00"	"24Crk_AY2-3"	0.532	-0.0379654545884324	313	28
"RKHS"	"CV00"	"2025_AYT_Aurora"	0.292	0.00365884148440868	117	6
"RKHS"	"CV00"	"YT_Urb_25"	-0.043	0.099352093278821	3066	30
"RKHS"	"CV00"	"STP1_2025_MCG"	0.261	0.0748721342384372	171	49
