"Trial","Masked_Env","Pearson_r","Valid_N"
"AWY1_DVPWA_2024","Davenport_2023",0.0270961664321006,34
"AWY1_DVPWA_2024","Lind_2023",-0.0491540087665658,47
"AWY1_DVPWA_2024","Pullman_2024",0.310709345815082,34
